Node#, time
2, 0.00512833
3, 0.00512833
4, 0.0241726
