Node#, time
2, 0.0243149
3, 0.0243753
4, 0.0243754
5, 0.0247248
6, 0.0247851
7, 0.027282
8, 0.0274898
9, 0.0279036
