Node#, time
5, 0.0699502
6, 0.0741282
8, 0.0741282
9, 0.0762846
2, 0.325416
3, 0.325567
7, 0.325567
4, 0.326029
