Node#, time
2, 0.0176174
3, 0.0176174
4, 0.0405232
