FlowID,TX bitrate (kbit/s),RX bitrate (kbit/s),meanDelay [s],PacketLoss (%),Throughput (kbps),Mean jitter (s),Protocol
1,84162.52485891325,1106.7320487324246,0.9821493182160613,0.0,860.5808271867899,0.1625004521954023,UDP
2,1106.7320487324246,0,0,0,0,0,UDP
