time,method,throughput
1,0,2359.24183
2,0,3332.867517
3,0,1956.820977
1,1,3747.60479
2,1,6111.2606953955
3,1,3351.85231
